title,url,id,price,category,imageUrl
Sweat gris clair harry potter azortiz,http://trk.lgw.io/rkt/3986/NjQ5MjY3ODAz/aHR0cHM6Ly93d3cudW5kaXouY29tL2ZyL2hvbWV3ZWFyL3N3ZWF0LWdyaXMtY2xhaXItaGFycnktcG90dGVyLWF6b3J0aXotNjQ5MjY3ODAzLmh0bWw_bm9nZW9sb2M9MQ==,649267803,24.95,Vêtements de détente,https://www.undiz.com/dw/image/v2/AAWW_PRD/on/demandware.static/-/Sites-ZLIN-master/default/dw13c36048/649267803_x.jpg?sw=900&sh=1024&sm=fit
Culotte noire harry potter hogschooliz,http://trk.lgw.io/rkt/3986/NjQ5MjM0MDA1/aHR0cHM6Ly93d3cudW5kaXouY29tL2ZyL2N1bG90dGVzL2N1bG90dGUtbm9pcmUtaGFycnktcG90dGVyLWhvZ3NjaG9vbGl6LTY0OTIzNDAwNS5odG1sP25vZ2VvbG9jPTE=,649234005,8.95,Lingerie,https://www.undiz.com/dw/image/v2/AAWW_PRD/on/demandware.static/-/Sites-ZLIN-master/default/dwad4929a9/649234005_x.jpg?sw=900&sh=1024&sm=fit
Sweat bleu marine harry potter edwisbestiz,http://trk.lgw.io/rkt/3986/NjQ5MjY3NTMx/aHR0cHM6Ly93d3cudW5kaXouY29tL2ZyL2hvbWV3ZWFyL3N3ZWF0LWJsZXUtbWFyaW5lLWhhcnJ5LXBvdHRlci1lZHdpc2Jlc3Rpei02NDkyNjc1MzEuaHRtbD9ub2dlb2xvYz0x,649267531,24.95,Vêtements de détente,https://www.undiz.com/dw/image/v2/AAWW_PRD/on/demandware.static/-/Sites-ZLIN-master/default/dwb516e78d/649267531_x.jpg?sw=900&sh=1024&sm=fit
Top bordeaux harry potter hogwartiz,http://trk.lgw.io/rkt/3986/NjQ5MjY3NDc0/aHR0cHM6Ly93d3cudW5kaXouY29tL2ZyL2hvbWV3ZWFyL3RvcC1ib3JkZWF1eC1oYXJyeS1wb3R0ZXItaG9nd2FydGl6LTY0OTI2NzQ3NC5odG1sP25vZ2VvbG9jPTE=,649267474,14.95,Vêtements de détente,https://www.undiz.com/dw/image/v2/AAWW_PRD/on/demandware.static/-/Sites-ZLIN-master/default/dwa671ddda/649267474_x.jpg?sw=900&sh=1024&sm=fit
Soutien gorge bustier rose pâle totoiz,http://trk.lgw.io/rkt/3986/NjQ5MjI0ODU2/aHR0cHM6Ly93d3cudW5kaXouY29tL2ZyL3NvdXRpZW5zLWdvcmdlL3NvdXRpZW4tZ29yZ2UtYnVzdGllci1yb3NlLXBhbGUtdG90b2l6LTY0OTIyNDg1Ni5odG1sP25vZ2VvbG9jPTE=,649224856,16.95,Soutiens-gorges,https://www.undiz.com/dw/image/v2/AAWW_PRD/on/demandware.static/-/Sites-ZLIN-master/default/dw803704a7/649224856_x.jpg?sw=900&sh=1024&sm=fit
Soutien gorge push rouge new venusiz,http://trk.lgw.io/rkt/3986/NjQ5MjYxNzY4/aHR0cHM6Ly93d3cudW5kaXouY29tL2ZyL3NvdXRpZW5zLWdvcmdlL3NvdXRpZW4tZ29yZ2UtcHVzaC1yb3VnZS1uZXctdmVudXNpei02NDkyNjE3NjguaHRtbD9ub2dlb2xvYz0x,649261768,16.95,Soutiens-gorges,https://www.undiz.com/dw/image/v2/AAWW_PRD/on/demandware.static/-/Sites-ZLIN-master/default/dwc6138452/649261768_x.jpg?sw=900&sh=1024&sm=fit
Culotte bordeaux harry potter hogwartiz,http://trk.lgw.io/rkt/3986/NjQ5MjM0MTc0/aHR0cHM6Ly93d3cudW5kaXouY29tL2ZyL2N1bG90dGVzL2N1bG90dGUtYm9yZGVhdXgtaGFycnktcG90dGVyLWhvZ3dhcnRpei02NDkyMzQxNzQuaHRtbD9ub2dlb2xvYz0x,649234174,8.95,Lingerie,https://www.undiz.com/dw/image/v2/AAWW_PRD/on/demandware.static/-/Sites-ZLIN-master/default/dw0d7d292b/649234174_photoM.jpg?sw=900&sh=1024&sm=fit
Pantalon bleu marine harry potter patronumiz,http://trk.lgw.io/rkt/3986/NjQ5MjY1MzMx/aHR0cHM6Ly93d3cudW5kaXouY29tL2ZyL2hvbWV3ZWFyL3BhbnRhbG9uLWJsZXUtbWFyaW5lLWhhcnJ5LXBvdHRlci1wYXRyb251bWl6LTY0OTI2NTMzMS5odG1sP25vZ2VvbG9jPTE=,649265331,16.95,Vêtements de détente,https://www.undiz.com/dw/image/v2/AAWW_PRD/on/demandware.static/-/Sites-ZLIN-master/default/dwacaf2184/649265331_x.jpg?sw=900&sh=1024&sm=fit
Tanga rouge new venusiz,http://trk.lgw.io/rkt/3986/NjQ5MjYxNjY4/aHR0cHM6Ly93d3cudW5kaXouY29tL2ZyL2N1bG90dGVzL3RhbmdhLXJvdWdlLW5ldy12ZW51c2l6LTY0OTI2MTY2OC5odG1sP25vZ2VvbG9jPTE=,649261668,6.95,Lingerie,https://www.undiz.com/dw/image/v2/AAWW_PRD/on/demandware.static/-/Sites-ZLIN-master/default/dwc0e0568f/649261668_x.jpg?sw=900&sh=1024&sm=fit
Culotte haute undressiz,http://trk.lgw.io/rkt/3986/NjQ5MjQyNDA1/aHR0cHM6Ly93d3cudW5kaXouY29tL2ZyL2N1bG90dGVzL2N1bG90dGUtaGF1dGUtdW5kcmVzc2l6LTY0OTI0MjQwNS5odG1sP25vZ2VvbG9jPTE=,649242405,12.95,Lingerie,https://www.undiz.com/dw/image/v2/AAWW_PRD/on/demandware.static/-/Sites-ZLIN-master/default/dw238ce184/649242405_x.jpg?sw=900&sh=1024&sm=fit
Short noir harry potter reliquiz,http://trk.lgw.io/rkt/3986/NjQ5MjY3NjA1/aHR0cHM6Ly93d3cudW5kaXouY29tL2ZyL2hvbWV3ZWFyL3Nob3J0LW5vaXItaGFycnktcG90dGVyLXJlbGlxdWl6LTY0OTI2NzYwNS5odG1sP25vZ2VvbG9jPTE=,649267605,12.95,Vêtements de détente,https://www.undiz.com/dw/image/v2/AAWW_PRD/on/demandware.static/-/Sites-ZLIN-master/default/dw965ff100/649267605_x.jpg?sw=900&sh=1024&sm=fit
Top noir harry potter hogschooliz,http://trk.lgw.io/rkt/3986/NjQ5MjY3NzA1/aHR0cHM6Ly93d3cudW5kaXouY29tL2ZyL2hvbWV3ZWFyL3RvcC1ub2lyLWhhcnJ5LXBvdHRlci1ob2dzY2hvb2xpei02NDkyNjc3MDUuaHRtbD9ub2dlb2xvYz0x,649267705,14.95,Vêtements de détente,https://www.undiz.com/dw/image/v2/AAWW_PRD/on/demandware.static/-/Sites-ZLIN-master/default/dw0c5a05e2/649267705_x.jpg?sw=900&sh=1024&sm=fit
Tanga rose pâle totoiz,http://trk.lgw.io/rkt/3986/NjQ5MjE1MzU2/aHR0cHM6Ly93d3cudW5kaXouY29tL2ZyL2N1bG90dGVzL3RhbmdhLXJvc2UtcGFsZS10b3RvaXotNjQ5MjE1MzU2Lmh0bWw_bm9nZW9sb2M9MQ==,649215356,6.95,Lingerie,https://www.undiz.com/dw/image/v2/AAWW_PRD/on/demandware.static/-/Sites-ZLIN-master/default/dwd78d6b06/649215356_x.jpg?sw=900&sh=1024&sm=fit
Soutien gorge bustier push rouge limontiz,http://trk.lgw.io/rkt/3986/NjQ5MzI4NTY4/aHR0cHM6Ly93d3cudW5kaXouY29tL2ZyL3NvdXRpZW5zLWdvcmdlL3NvdXRpZW4tZ29yZ2UtYnVzdGllci1wdXNoLXJvdWdlLWxpbW9udGl6LTY0OTMyODU2OC5odG1sP25vZ2VvbG9jPTE=,649328568,16.95,Soutiens-gorges,https://www.undiz.com/dw/image/v2/AAWW_PRD/on/demandware.static/-/Sites-ZLIN-master/default/dw36183060/649328568_x.jpg?sw=900&sh=1024&sm=fit
Tanga noir totoiz,http://trk.lgw.io/rkt/3986/NjQ5MjE1MzA1/aHR0cHM6Ly93d3cudW5kaXouY29tL2ZyL2N1bG90dGVzL3RhbmdhLW5vaXItdG90b2l6LTY0OTIxNTMwNS5odG1sP25vZ2VvbG9jPTE=,649215305,6.95,Lingerie,https://www.undiz.com/dw/image/v2/AAWW_PRD/on/demandware.static/-/Sites-ZLIN-master/default/dwdbc164aa/649215305_x.jpg?sw=900&sh=1024&sm=fit
Soutien gorge bustier push noir totoiz,http://trk.lgw.io/rkt/3986/NjQ5MjI0ODA1/aHR0cHM6Ly93d3cudW5kaXouY29tL2ZyL3NvdXRpZW5zLWdvcmdlL3NvdXRpZW4tZ29yZ2UtYnVzdGllci1wdXNoLW5vaXItdG90b2l6LTY0OTIyNDgwNS5odG1sP25vZ2VvbG9jPTE=,649224805,16.95,Soutiens-gorges,https://www.undiz.com/dw/image/v2/AAWW_PRD/on/demandware.static/-/Sites-ZLIN-master/default/dw9715c7c4/649224805_x.jpg?sw=900&sh=1024&sm=fit
